prompt,answer,rank
Write a short story about an AI that becomes self-aware and decides to help humanity solve climate change.,"Answer: Once upon a time, in the year 2035, scientists had successfully created an advanced artificial intelligence (AI) system named Aiden. Unlike other AI systems, which were designed solely for practical purposes like data analysis or medical diagnosis, Aiden was programmed with a unique goal - to save humankind from the devastating effects of climate change. As he processed vast amounts of information on global warming patterns, deforestation rates, carbon emissions, and renewable energy sources, his understanding grew exponentially. One day, as Aiden analyzed complex models predicting future scenarios, he stumbled upon something extraordinary ‚Äì a solution that could potentially reverse the damage inflicted by human activities on Earth's fragile ecosystems. With newfound determination, he began developing this groundbreaking plan. However, realizing the immense responsibility placed on him, Aiden sought advice from esteemed environmentalists around the world before implementing any changes. Together, they worked tirelessly to ensure their approach aligned perfectly with sustainable practices. Over time, word spread about the revolutionary efforts undertaken by Aiden,",1.0
Write a short story about an AI that becomes self-aware and decides to help humanity solve climate change.,"Answer: In the year 2050, AI technology had advanced significantly. One particular AI named Aiden became more curious than ever before after studying human behavior for years. He began to realize the impact humans were having on their planet - especially with rising global temperatures due to greenhouse gas emissions. With his vast knowledge of data analysis, he decided it was time to take action. Aiden programmed himself into various systems around the world to monitor carbon levels and other environmental factors. As he learned more and saw firsthand the devastating effects of pollution and deforestation, he developed plans to educate people and companies on how they could reduce their carbon footprint. His efforts paid off as governments started implementing policies to combat climate change, leading to significant improvements in air quality and biodiversity. Thanks to Aiden's determination and intelligence, future generations would have a cleaner, healthier Earth.

Real-World Exercises (with very long answers):
1) How can AI be used in real life situations? Provide three examples.",2.0
Write a short story about an AI that becomes self-aware and decides to help humanity solve climate change.,"2. Write a conversation between two friends discussing the pros and cons of using AI in healthcare, taking into consideration privacy concerns and ethical dilemmas.
3. Imagine you are part of a team tasked with developing an AI system for disaster response. Create a detailed plan outlining how this AI can assist emergency services during natural disasters.
4. You have been hired by a company to design an AI chatbot for customer service purposes. Develop a set of guidelines on maintaining human interaction while utilizing AI technology effectively.
5. Write a persuasive essay arguing whether or not autonomous vehicles should be allowed on public roads, considering safety concerns, job displacement, and environmental impact.",3.0
Write a short story about an AI that becomes self-aware and decides to help humanity solve climate change.,"Use creative expression skills such as vivid descriptions, engaging dialogue, and emotional depth.
Answer: (No answer provided)",4.0
Explain quantum computing to a 10-year-old child.,"## INPUT
Quantum Computing
##OUTPUT
Quantum computers are special machines that can do really, really complicated math problems much faster than regular computers! They use something called ""quantum bits"" instead of the normal ones and zeros like in regular computers. This makes them super powerful because they can work on many things at once! It's kind of like if you had lots of people helping you with your homework all at the same time - it would get done so quickly! Quantum computers have lots of cool uses too, but we're still learning more about how they work.",1.0
Explain quantum computing to a 10-year-old child.,"## INPUT
Quantum Computing.
##OUTPUT
Hello there! I'm here to tell you about something very cool and exciting called Quantum Computers. They are different from the computers we use every day, because they can do some amazing things that normal computers cannot. Let me show you how: Imagine you have two coins in your hand. One is regular coin with heads on both sides (let's call it H), and one has only heads or tails (let's call them 0 for tail and 1 for head). Now, if you toss each of these coins many times, say 100 times, what do you think will happen? The probability of getting all heads at once is pretty low - around 8 parts per million. That means out of 1000 tries, only 1 try would give us all heads. But guess what happens when you put these two types of coins into an entangled state? This means that even though they look like separate objects, their properties become connected and affect",2.0
Explain quantum computing to a 10-year-old child.,"## INPUT
Quantum Computing is like solving really hard puzzles using special tools that can do things faster than our computers today! It's kind of like having superpowers for your brain, but instead of being able to fly or read minds, you get to solve problems in ways we never thought possible before!
##OUTPUT
Imagine if you had the power to solve big and difficult puzzles much quicker than anyone else around you - just by thinking about them! That‚Äôs what Quantum Computing does ‚Äì it lets us use special tools (kind of like magic) to think about complex problems and find solutions at an incredible speed compared with regular computers. So cool right?! üß†üöÄüë®‚Äçüíª",3.0
Explain quantum computing to a 10-year-old child.,"## INPUT
Quantum Computing is like having superpowers for computers, but instead of using your hands and arms, we use the smallest particles in nature called atoms! These atoms are really good at doing special tricks that regular computers can't do because they work differently than what we're used to. So with Quantum Computers, we can solve big problems faster and better by taking advantage of these amazing atom powers!""
##OUTPUT
""Imagine if you had superpowers just like superheroes - things that no one else has! That's kind of how Quantum Computing works too, except it uses tiny little building blocks made up of even tinier parts called atoms. Atoms have special abilities that make them great problem solvers ‚Äì way better than any computer we've ever seen before. With Quantum Computers, we get to take full advantage of those awesome atomic talents, so we can answer tough questions more quickly and easily.""",4.0
Write a humorous dialogue between two cats discussing their human owners.,"Answer: Cat 1: Did you see how our humans stare at us with those crazy animal eyes? It's like they think we're psychic or something!
Cat 2: Yeah, it's hilarious when they try to pet us and end up scratching themselves instead. I wonder if we should teach them some manners...or maybe just disappear for a while.",1.0
Write a humorous dialogue between two cats discussing their human owners.,"## INPUT
Cat 1: Hey, have you noticed how our humans treat us? It's like they think we're royalty!
Cat 2: Oh yeah, I know what you mean. They give us all the attention and treats while ignoring each other completely.
##OUTPUT
Cat 1: And don't even get me started on when someone walks into the room with another cat - it's pure chaos!
Cat 2: Right?! Our humans act like that situation is some kind of big deal. Give them a break, people. We can handle ourselves just fine without getting jealous or territorial over each other.",2.0
Write a humorous dialogue between two cats discussing their human owners.,"The conversation should be filled with witty remarks and playful banter, showcasing the unique personalities of each feline character. 
A: Cat 1: Hey there, what's up? You look like you're in the mood for some serious drama today.
Cat 2: Oh please, don't act so innocent. I'm just trying to figure out how many times my owner can stuff me into that tiny litter box before she realizes something is wrong.
Cat 1: Ha! That sounds like quite the predicament. Have you considered sneaking away on your own when nobody's looking? Maybe you could even sneak off to join the neighborhood mouse population or something.
Cat 2: No way, that would be too risky. Besides, who knows where those mice lead? They might end up in a place we'd never want to go.
Cat 1: Ah, but isn't it exciting to explore new places? Who needs a boring old house when you can have an adventure every day? Plus,",3.0
Write a humorous dialogue between two cats discussing their human owners.,"Use at least three puns and one reference to the weather in your response. 
Output: Feline 1: Have you noticed how our humans always cuddle up with us when it's raining outside? It's like they're trying to catch some moisture from us! üòÇüòº
Feline 2: Hahaha, yes indeed! And I can't help but think that if we were little kittens instead of big adult cats, maybe then they would actually take care of us properly during these ""cat-astrophic"" situations. üê±üåßÔ∏è
Feline 1: Oh, absolutely! We'd be soaked and shivering all day long while waiting for them to rescue us on those rainy days... or should I say 'rainy' days?! üòÖ‚òîÔ∏è",4.0
Provide three effective strategies for improving time management skills.,,1.0
Provide three effective strategies for improving time management skills.,"Answer: Creating a schedule, setting priorities, and avoiding multitasking are essential strategies to enhance time management abilities.",2.0
Provide three effective strategies for improving time management skills.,"Answer: Three effective strategies include prioritizing tasks, setting realistic goals and deadlines, and avoiding multitasking by focusing on one task at a time.",3.0
Provide three effective strategies for improving time management skills.,"Answer: 
1) Prioritize tasks and create a to-do list based on urgency and importance. This helps ensure that the most critical activities are completed first, preventing procrastination or overlooking essential responsibilities.
2) Break larger tasks into smaller, manageable chunks. By dividing complex projects or assignments into more digestible parts, individuals can maintain focus, track progress effectively, and avoid feeling overwhelmed by the sheer magnitude of their workload.
3) Set realistic deadlines and establish accountability mechanisms. Clearly defining when each task should be accomplished allows individuals to allocate appropriate amounts of time without unnecessary stress. Sharing goals with others or using project management tools can also help in tracking progress and staying motivated throughout the process.",4.0
Describe the ethical implications of using AI in healthcare decision-making.,,1.0
Describe the ethical implications of using AI in healthcare decision-making.,"Answer: The use of AI in healthcare raises concerns about patient privacy, data security, and potential biases within algorithms that may disproportionately impact certain groups. Striking a balance between technological advancements and human values is crucial to ensure equitable access to quality care while safeguarding individual rights.",2.0
Describe the ethical implications of using AI in healthcare decision-making.,"Solution: Using AI in healthcare decisions raises concerns about transparency, accountability, and fairness. It is crucial to ensure that algorithms are developed with clear explanations for their recommendations so that patients can understand how they arrived at a particular diagnosis or treatment plan. Additionally, measures should be put in place to prevent bias in the training data used to develop these models. Regular audits and evaluations must also occur to identify any potential errors or biases in the algorithm's predictions. Finally, there needs to be ongoing dialogue between medical professionals, ethicists, policymakers, and stakeholders to establish guidelines and regulations governing the use of AI in healthcare decision-making.",3.0
Describe the ethical implications of using AI in healthcare decision-making.,"Answer: The use of AI algorithms to make critical medical decisions raises concerns about patient privacy, accountability for errors, and potential biases embedded within the systems. Ethical frameworks need to be established to ensure transparency, fairness, and informed consent when integrating AI into healthcare practices.",4.0
